,Predictions,Targets,Residuals,Difference(%)
0,8270.044620920564,7650.000000000001,-620.0446209205629,8.10515844340605
1,19812.912809138244,12500.0,-7312.9128091382445,58.503302473105954
2,5356.302503665118,5000.000000000004,-356.3025036651143,7.12605007330228
3,12469.963529475868,8999.0,-3470.963529475868,38.570547054960194
4,5743.341921230207,6499.999999999995,756.6580787697885,11.640893519535215
5,4685.653011768016,5600.000000000005,914.3469882319887,16.32762478985693
6,17174.692818502175,15300.000000000004,-1874.6928185021716,12.252894238576282
7,75794.84780938957,88000.00000000001,12205.152190610446,13.869491125693687
8,5529.04157479385,5200.000000000001,-329.04157479384867,6.327722592189397
9,11415.285211195353,10000.00000000001,-1415.2852111953434,14.15285211195342
10,3906.6278595973504,4150.000000000003,243.37214040265235,5.864388925365113
11,19193.944116101193,29999.000000000025,10805.055883898833,36.018053548114345
12,2455.026197387357,3099.9999999999986,644.9738026126415,20.80560653589167
13,9618.295586585788,12999.000000000007,3380.7044134142197,26.00741913542748
14,10224.611438521628,12950.0,2725.388561478372,21.045471517207506
15,20407.27741836778,21499.99999999998,1092.7225816322025,5.082430612242807
16,13146.37262128599,14500.000000000004,1353.6273787140144,9.335361232510442
17,1738.2541271894697,2100.0,361.7458728105303,17.225993943358585
18,25447.704992414543,13321.330000000007,-12126.374992414536,91.02976198633716
19,65374.73981778016,111999.00000000003,46624.26018221987,41.62917542319115
20,11186.133356706152,18999.999999999993,7813.866643293841,41.125613912072865
21,12901.220401551047,9000.000000000004,-3901.2204015510433,43.34689335056713
22,10506.823181513397,15799.999999999995,5293.176818486598,33.50111910434557
23,6472.160549080524,6099.999999999998,-372.1605490805259,6.100992607877476
24,9499.52536133191,9899.999999999995,400.4746386680854,4.045198370384703
25,20426.433677930767,18999.999999999993,-1426.4336779307741,7.507545673319867
26,5672.777444777491,5799.999999999996,127.22255522250543,2.193492331422509
27,22589.762263151766,16950.0,-5639.762263151766,33.27293370591013
28,17430.19812772926,18200.000000000004,769.801872270742,4.2296806168722085
29,65069.77412082092,109999.00000000007,44929.225879179154,40.84512211854573
30,18634.798535388378,22899.999999999996,4265.201464611619,18.625333906600957
31,19543.54457728966,21550.00000000002,2006.455422710358,9.310698017217431
32,31352.21883014133,41999.99999999998,10647.781169858648,25.351859928234887
33,10081.18555890588,6299.999999999996,-3781.185558905883,60.01881839533152
34,8715.955159799187,2199.9999999999995,-6515.955159799187,296.1797799908722
35,19327.37504840813,16399.999999999996,-2927.375048408132,17.84984785614715
36,20504.920762185506,19400.00000000001,-1104.9207621854948,5.69546784631698
37,20040.800259341122,29500.000000000025,9459.199740658903,32.06508386664032
38,8778.866284444097,8900.000000000002,121.13371555590493,1.3610529837742125
39,6751.971250811182,5499.999999999999,-1251.9712508111825,22.763113651112413
40,14946.25359849282,15400.000000000013,453.7464015071928,2.9464052045921583
41,6711.404361656037,5299.999999999996,-1411.4043616560402,26.63027097464229
42,4316.719470661074,4800.000000000001,483.2805293389265,10.068344361227634
43,26763.906555477297,15900.000000000007,-10863.90655547729,68.32645632375652
44,5417.683074231163,7899.999999999996,2482.3169257688332,31.42173323758018
45,11913.870380635928,8800.000000000007,-3113.870380635921,35.384890689044525
46,10965.562419981454,7300.000000000002,-3665.562419981452,50.213183835362344
47,13120.262541101774,13900.000000000002,779.7374588982275,5.609622006462067
48,12417.806768910039,19998.99999999998,7581.193231089943,37.90786154852718
49,11533.756974683836,12100.00000000001,566.2430253161729,4.679694424100599
50,8816.241966051666,11899.999999999998,3083.758033948332,25.91393305838935
51,30721.90760732603,32500.000000000007,1778.0923926739779,5.47105351591993
52,8434.682724526543,8349.999999999998,-84.68272452654492,1.0141643655873644
53,7463.755862943295,4949.999999999996,-2513.755862943299,50.782946726127285
54,5517.532272480366,5899.999999999999,382.4677275196327,6.482503856264962
55,11010.347745087774,9150.000000000007,-1860.3477450877672,20.331669345221485
56,8571.862749759026,11300.000000000007,2728.1372502409813,24.142807524256458
57,65063.428778295725,104998.99999999996,39935.57122170423,38.03423958485723
58,20129.06456233939,30500.000000000022,10370.935437660632,34.003067008723356
59,12987.68259381747,9800.000000000007,-3187.6825938174625,32.52737340630061
60,52942.9039631477,67500.00000000004,14557.096036852345,21.5660682027442
61,14130.939725989401,20500.000000000015,6369.060274010613,31.068586702490776
62,51455.6242205145,74500.00000000004,23044.37577948554,30.93204802615507
63,19095.36216052692,14999.00000000001,-4096.362160526913,27.310901796965865
64,8627.88465856842,9000.000000000004,372.11534143158315,4.134614904795367
65,22979.430046069414,39899.99999999999,16920.56995393058,42.40744349356035
66,10431.327453752656,9300.000000000007,-1131.3274537526486,12.164811330673631
67,11743.815095554759,6799.999999999999,-4943.81509555476,72.70316316992295
68,8447.734696885675,8900.000000000002,452.26530311432725,5.081632619262103
69,9036.112174034184,8950.000000000002,-86.11217403418232,0.9621471959126514
70,11677.16012545409,10800.000000000007,-877.1601254540819,8.121853013463715
71,42972.40046831273,20500.000000000015,-22472.400468312713,109.62146569908633
72,6213.821790496892,13200.000000000002,6986.178209503109,52.92559249623567
73,3970.8287466875604,4200.0,229.1712533124396,5.456458412200943
74,10269.152578485247,11399.999999999996,1130.847421514749,9.91971422381359
75,5929.310344010706,7899.999999999996,1970.6896559892903,24.94543868340875
76,26807.33694112488,28000.000000000004,1192.663058875125,4.259510924554017
77,7856.489593452315,12999.000000000007,5142.510406547693,39.560815497712824
78,14318.778103615037,18699.999999999996,4381.221896384959,23.428994098315297
79,21581.03068251613,17900.000000000007,-3681.030682516124,20.56441722076046
80,9340.879836425065,3200.0000000000027,-6140.879836425062,191.90249488828303
81,24105.631018758188,57000.000000000044,32894.36898124186,57.70941926533655
82,7946.74803717042,6799.999999999999,-1146.7480371704205,16.86394172309442
83,54222.93251834807,71998.99999999997,17776.067481651902,24.689325520704326
84,5157.8298745717075,9000.000000000004,3842.170125428296,42.6907791714255
85,10106.653618993116,12700.000000000004,2593.346381006888,20.42005024414872
86,12124.45522163701,14498.99999999999,2374.5447783629807,16.377300354251894
87,4747.903524272203,5499.999999999999,752.0964757277961,13.674481376869021
88,4315.601600238493,5000.000000000004,684.3983997615105,13.6879679952302
89,7776.6233175690995,11300.000000000007,3523.3766824309077,31.180324623282353
90,1228.8934514315613,3699.9999999999995,2471.1065485684385,66.78666347482267
91,40018.67791260129,44799.99999999997,4781.322087398679,10.672593945086344
92,11442.109084111304,12899.999999999993,1457.890915888689,11.301479968129378
93,39074.87539718556,39998.99999999999,924.1246028144305,2.3103692662677333
94,14718.078095472614,11999.999999999993,-2718.0780954726215,22.65065079560519
95,5124.4466826225325,10900.000000000002,5775.553317377469,52.98672768236209
96,10397.175960159777,13900.000000000002,3502.824039840225,25.200172948490824
97,17875.581012475228,10974.210000000005,-6901.371012475223,62.88717832513885
98,11640.42665767022,6999.999999999999,-4640.42665767022,66.29180939528887
99,12066.7192097041,10949.999999999996,-1116.7192097041043,10.19834894706945
100,42614.432596711515,42499.99999999999,-114.43259671152191,0.2692531687329928
101,18530.599318194636,17900.000000000007,-630.5993181946287,3.522901218964405
102,7134.837720458469,12599.999999999995,5465.162279541525,43.37430380588514
103,11699.957654348387,15500.00000000001,3800.042345651622,24.51640223001045
104,10056.02024045754,8750.000000000007,-1306.020240457532,14.925945605228923
105,9038.861219478358,8300.000000000007,-738.8612194783509,8.901942403353617
106,8867.745696846405,7998.999999999996,-868.7456968464085,10.86067879542954
107,4506.233924661302,4300.0,-206.2339246613019,4.796137782820974
108,23103.818843842826,21800.000000000007,-1303.8188438428188,5.980820384600085
109,9572.493773752947,8649.999999999998,-922.493773752949,10.664667904658371
110,48166.047747922144,54999.99999999995,6833.952252077805,12.425367731050565
111,12165.17795803038,15500.00000000001,3334.82204196963,21.514980915933084
112,40660.72758935882,126000.00000000007,85339.27241064125,67.72958127828666
113,10564.39967951699,6998.999999999996,-3565.3996795169933,50.94155850145729
114,11696.533712889744,6299.999999999996,-5396.533712889748,85.6592652839643
115,14285.291231423767,5000.000000000004,-9285.291231423764,185.70582462847514
116,10971.455064692174,9999.0,-972.4550646921743,9.725523199241668
117,37221.79312721638,33900.0,-3321.793127216377,9.798799785299046
118,14240.602290956649,15499.00000000001,1258.39770904336,8.119218717616357
119,3561.4975016676217,6099.999999999998,2538.5024983323765,41.614795054629134
120,27168.583010102746,21499.99999999998,-5668.583010102764,26.36550237257102
121,2586.939979943823,7799.999999999996,5213.060020056173,66.83410282123302
122,12469.963529475868,9999.0,-2470.963529475868,24.712106505409224
123,12206.069628665235,19900.000000000007,7693.930371334773,38.66296669012447
124,8255.173497842845,7199.999999999996,-1055.1734978428485,14.655187470039571
125,25758.960267646242,40755.0,14996.039732353758,36.7955827072844
126,21714.182062708085,28900.00000000002,7185.817937291933,24.864421928345774
127,20310.099046968222,18900.00000000001,-1410.099046968211,7.4608415183503185
128,12978.348924097256,10800.000000000007,-2178.3489240972485,20.16989744534488
129,46424.49791285595,39899.99999999999,-6524.497912855957,16.35212509487709
130,22854.138271007094,16499.999999999985,-6354.138271007108,38.50992891519463
131,14457.462051333192,12899.999999999993,-1557.4620513331993,12.073349235141087
132,7596.922425753368,7600.000000000003,3.0775742466348674,0.04049439798203771
133,10499.49765569148,9000.000000000004,-1499.4976556914771,16.66108506323863
134,24476.013979046224,51999.99999999997,27523.986020953747,52.930742347988
135,26949.214882897588,21699.999999999993,-5249.214882897595,24.189930335933628
136,6517.620417973833,9150.000000000007,2632.379582026174,28.769175759848874
137,6816.632991483675,6299.999999999996,-516.6329914836788,8.200523674344112
138,9519.64166929617,8950.000000000002,-569.6416692961684,6.364711388784003
139,7457.213153047948,4900.000000000004,-2557.2131530479446,52.188023531590666
140,6712.961066147093,8199.999999999998,1487.0389338529048,18.134621144547623
141,32388.724089261512,23500.00000000001,-8888.724089261501,37.824357826644665
142,20273.66922288233,32000.000000000007,11726.330777117677,36.64478367849273
143,42747.92850212592,29900.0,-12847.92850212592,42.96966054222715
144,6152.055237955478,4400.000000000004,-1752.0552379554747,39.81943722626076
145,7313.632509886774,7750.000000000004,436.3674901132299,5.630548259525544
146,24613.44946761436,20999.999999999985,-3613.449467614373,17.20690222673512
147,9954.728066945774,7500.000000000001,-2454.728066945773,32.729707559276974
148,15308.443600971903,4500.000000000001,-10808.443600971903,240.18763557715337
149,8619.910061907698,6799.999999999999,-1819.910061907699,26.763383263348516
150,35143.863368389975,6699.9999999999945,-28443.863368389982,424.5352741550748
151,4990.626618551892,3800.0000000000014,-1190.6266185518903,31.332279435576048
152,9744.696883700835,10499.999999999993,755.3031162991574,7.193363012372933
153,8684.845697356857,7899.999999999996,-784.8456973568609,9.93475566274508
154,14675.175859521365,13499.999999999996,-1175.1758595213687,8.705006366824955
155,6314.970496513733,8900.000000000002,2585.0295034862684,29.045275320070424
156,62979.65870328071,89998.99999999993,27019.34129671922,30.02182390550922
157,76521.89902763866,73900.00000000001,-2621.8990276386467,3.5479012552620386
158,12006.480590739102,7199.999999999996,-4806.4805907391055,66.7566748713765
159,62979.65870328071,88887.99999999997,25908.341296719263,29.147175430563486
160,7667.654434218171,9000.000000000004,1332.3455657818322,14.80383961979813
161,27294.65725539607,13499.999999999996,-13794.657255396072,102.18264633626724
162,16092.504781997777,8999.0,-7093.504781997777,78.82547818644046
163,26821.741254830686,19500.000000000007,-7321.741254830678,37.54739105041372
164,20378.295516129983,32500.000000000007,12121.704483870024,37.29755225806161
165,10574.0626383258,7899.999999999996,-2674.062638325804,33.84889415602285
166,5389.126032575831,3099.9999999999986,-2289.1260325758326,73.84277524438173
167,4627.528647937094,3549.999999999998,-1077.5286479370961,30.352919660199905
168,33580.067899711874,69499.99999999996,35919.93210028808,51.68335553998289
169,6502.123747405979,2999.9999999999977,-3502.1237474059812,116.73745824686613
170,18543.396046671576,8700.000000000004,-9843.396046671573,113.14248329507551
171,7115.856071060334,10900.000000000002,3784.1439289396676,34.716916779263
172,12923.053949995765,16200.0,3276.946050004235,20.22806203706318
173,6045.534564430365,6699.9999999999945,654.4654355696293,9.76814082939746
174,17693.105868577903,15500.00000000001,-2193.1058685778935,14.149070119857369
175,8240.599539915203,6600.000000000001,-1640.5995399152025,24.857568786593976
176,17378.162046872432,8300.000000000007,-9078.162046872425,109.37544634786045
177,24040.979085387786,8349.999999999998,-15690.979085387788,187.91591719027295
178,13681.454682829173,4099.999999999999,-9581.454682829175,233.69401665437016
179,13648.280310736396,6499.999999999995,-7148.280310736401,109.97354324209856
180,19804.563721478116,24842.029999999988,5037.466278521872,20.2779977261193
181,2329.3067167393688,2499.9999999999995,170.69328326063078,6.827731330425232
182,13272.39475831325,9200.000000000005,-4072.394758313245,44.26516041644829
183,22372.367375790003,13998.999999999996,-8373.367375790007,59.814039401314446
184,10867.86100001147,8300.000000000007,-2567.8610000114622,30.93808433748747
185,8400.369161288418,11499.999999999996,3099.6308387115787,26.953311640970256
186,7051.929042950429,6998.999999999996,-52.92904295043263,0.7562372188945944
187,11988.357220962456,18900.00000000001,6911.642779037555,36.569538513426195
188,3807.1996018086506,8099.999999999999,4292.800398191348,52.997535780140105
189,6909.215777011079,9999.0,3089.784222988921,30.900932323121523
190,9493.049135989158,4800.000000000001,-4693.049135989158,97.7718569997741
191,8930.285652642342,7300.000000000002,-1630.2856526423402,22.332680173182737
192,15034.042939903007,14700.000000000002,-334.0429399030054,2.2724009517211248
193,5232.529974453258,5000.000000000004,-232.529974453254,4.650599489065076
194,22653.310510100608,22711.65000000001,58.33948989940109,0.25687032822098377
195,16761.614582994112,11899.999999999998,-4861.614582994114,40.85390405877408
196,4874.452454081696,8000.0,3125.5475459183044,39.069344323978804
197,44097.91264009593,36700.0,-7397.9126400959285,20.15780010925321
198,13006.793183770284,18300.000000000015,5293.206816229731,28.924627411091404
199,45013.182087806665,31989.999999999996,-13023.182087806668,40.71016595125561
200,15684.258424115575,13900.000000000002,-1784.2584241155728,12.836391540399802
201,38765.58154902546,51499.999999999985,12734.418450974525,24.72702611839714
202,9013.622110499404,14500.000000000004,5486.3778895006,37.83708889310758
203,41444.12409463745,46500.0,5055.875905362547,10.872851409381822
204,38030.13427737567,49000.0,10969.86572262433,22.387481066580268
205,2152.4917956204977,2400.0000000000005,247.50820437950279,10.312841849145947
206,6009.716194590171,10599.999999999993,4590.283805409822,43.30456420197948
207,17895.402564989177,51499.999999999985,33604.59743501081,65.25164550487538
208,15353.241896097381,11499.999999999996,-3853.2418960973846,33.50645127041205
209,9945.103531525872,15000.000000000004,5054.896468474131,33.69930978982754
210,10109.342212630134,12999.99999999999,2890.657787369857,22.235829133614303
211,20213.80490235432,24900.000000000004,4686.195097645683,18.82006063311519
212,22217.796089079176,22399.99999999998,182.20391092080536,0.8134103166107388
213,4473.318784202366,1998.9999999999993,-2474.318784202367,123.7778281241805
214,27210.51616256023,23500.00000000001,-3710.5161625602195,15.78943047897965
215,65374.73981778016,109999.99999999991,44625.260182219754,40.56841834747254
216,23093.51737047092,19799.99999999999,-3293.5173704709305,16.633926113489558
217,2740.9708703865053,4200.0,1459.0291296134947,34.7387888003213
218,34244.496262009205,1950.0000000000005,-32294.496262009205,1656.1280134363692
219,13877.474364600623,10900.000000000002,-2977.474364600621,27.31627857431762
220,6831.074426041849,12799.99999999999,5968.925573958142,46.632231046548014
221,14763.751348477528,34998.99999999999,20235.248651522466,57.816648051437106
222,6873.592528991563,5899.999999999999,-973.592528991564,16.50156828799261
223,4032.048188259326,5799.999999999996,1767.9518117406706,30.48192778863227
224,11678.754455682181,4099.999999999999,-7578.754455682182,184.84766965078495
225,8042.330399421093,6999.999999999999,-1042.3303994210937,14.890434277444198
226,7305.773052770418,6499.999999999995,-805.7730527704225,12.396508504160355
227,9848.831536731072,2499.9999999999995,-7348.8315367310715,293.95326146924293
228,19635.31902694841,55555.00000000002,35919.68097305161,64.656072312216
229,65935.96896114261,115800.0,49864.031038857385,43.060475853935564
230,1382.0486216177028,2600.0,1217.9513783822972,46.84428378393451
231,8658.775413505144,6399.9999999999945,-2258.775413505149,35.29336583601798
232,13612.907392134968,10199.99999999999,-3412.9073921349773,33.4598763934802
233,11886.607039017206,12498.99999999999,612.3929609827846,4.899535650714338
234,3024.903436854986,1550.0000000000007,-1474.9034368549853,95.15506044225708
235,42811.5656514796,25000.0,-17811.5656514796,71.2462626059184
236,3681.9713053981404,3990.000000000002,308.0286946018614,7.720017408567951
237,4611.231331387472,7899.999999999996,3288.7686686125244,41.629983146994
238,21507.46352583083,29799.99999999999,8292.53647416916,27.827303604594505
239,9016.851152039026,9700.000000000004,683.148847960978,7.042771628463687
240,14454.246055658235,29500.000000000025,15045.75394434179,51.00255574353145
241,25026.825909417275,22499.99999999999,-2526.8259094172863,11.230337375187945
242,8892.98547654944,10699.99999999999,1807.0145234505508,16.88798620047245
243,20297.913418655677,16800.000000000004,-3497.913418655673,20.820913206283763
244,4765.694963887028,9700.000000000004,4934.305036112975,50.86912408363891
245,8358.485427049502,7700.0000000000055,-658.4854270494961,8.551758792850594
246,11312.473744716455,9300.000000000007,-2012.473744716448,21.63950263135964
247,14241.359150865652,3599.999999999998,-10641.359150865654,295.59330974626835
248,4744.504241847316,3999.9999999999995,-744.5042418473163,18.612606046182908
249,6736.351152007973,5998.999999999996,-737.3511520079765,12.291234405867261
250,3001.5343776165855,1599.9999999999998,-1401.5343776165857,87.59589860103662
251,5159.698108142929,9499.999999999995,4340.301891857065,45.68738833533755
252,37280.910304626006,115000.00000000009,77719.08969537407,67.58181712641219
253,8815.73834012893,9300.000000000007,484.2616598710774,5.207114622269645
254,3210.205840150612,3699.9999999999995,489.7941598493876,13.237679995929398
255,7681.727153164092,2600.0,-5081.727153164092,195.4510443524651
256,13432.45320158849,19300.00000000001,5867.54679841152,30.40179688296123
257,55364.14195650483,51499.999999999985,-3864.141956504842,7.503188265057947
258,10513.096271246623,18999.000000000004,8485.903728753381,44.66500199354376
259,7427.698112938676,8500.000000000005,1072.3018870613296,12.615316318368574
260,20879.53754580017,29602.94999999998,8723.41245419981,29.46805117125089
261,8370.92331830497,5799.999999999996,-2570.923318304973,44.326264108706454
262,8800.639482285707,7500.000000000001,-1300.6394822857064,17.341859763809417
263,6731.423678890784,8300.000000000007,1568.5763211092235,18.898509892882196
264,14538.75765340681,15000.000000000004,461.24234659319336,3.074948977287955
265,33200.49859529129,27500.000000000022,-5700.498595291268,20.729085801059142
266,5328.187090798683,4099.999999999999,-1228.187090798684,29.955782702406935
267,9435.6312807883,7150.0,-2285.6312807883005,31.96687105997623
268,13861.070262284724,17776.999999999996,3915.9297377152725,22.028068502645404
269,15252.127277258147,6999.999999999999,-8252.127277258147,117.88753253225926
270,42648.802717773586,42499.99999999999,-148.80271777359303,0.35012404182021895
271,9306.866513741354,8300.000000000007,-1006.8665137413464,12.130921852305367
272,10676.636358080248,12179.000000000007,1502.3636419197592,12.335689645453307
273,51449.76783773115,129222.00000000009,77772.23216226893,60.1849779157333
274,28413.55828115803,41000.00000000003,12586.441718841997,30.698638338638993
275,25740.124256186136,25199.99999999999,-540.1242561861472,2.1433502229609025
276,11785.494146754478,11499.999999999996,-285.49414675448133,2.4825577978650557
277,14886.835702490851,16899.999999999993,2013.1642975091418,11.912214778160607
278,10902.242279253043,9000.000000000004,-1902.2422792530397,21.136025325033767
279,27754.777618677184,26899.999999999985,-854.7776186771989,3.1776119653427486
280,5767.292912518823,7500.000000000001,1732.707087481178,23.102761166415704
281,7721.538248612019,11499.999999999996,3778.4617513879775,32.856189142504164
282,9103.344004842782,8900.000000000002,-203.34400484278012,2.2847640993570795
283,8740.584688045503,6989.9999999999945,-1750.5846880455083,25.044130014957222
284,7280.405809417408,8700.000000000004,1419.5941905825957,16.317174604397643
285,14535.743819513667,9849.999999999995,-4685.743819513673,47.571003243793655
286,36768.77751459938,115000.00000000009,78231.2224854007,68.02714998730491
287,7108.55183902631,8500.000000000005,1391.4481609736958,16.369978364396413
288,30010.895450341566,26999.999999999996,-3010.89545034157,11.151464630894704
289,14479.312540173667,11550.0,-2929.312540173667,25.36201333483694
290,4758.164907639852,7799.999999999996,3041.8350923601447,38.997885799489055
291,14873.631064092351,11499.999999999996,-3373.631064092355,29.33592229645527
292,14064.938411673864,10798.999999999995,-3265.9384116738693,30.24297075353154
293,8643.488923328492,8500.000000000005,-143.48892332848664,1.6881049803351356
294,11446.907001785456,22000.0,10553.092998214544,47.96860453733884
295,14920.042976427712,8999.0,-5921.042976427712,65.79667714665754
296,13220.13645515556,18499.999999999985,5279.863544844426,28.539802945105023
297,7003.7379585173,8099.999999999999,1096.2620414826988,13.534099277564184
298,18944.89715619618,17800.000000000007,-1144.8971561961735,6.432006495484117
299,10879.13721316976,14899.999999999995,4020.8627868302337,26.985656287451242
300,13326.39858049773,9499.999999999995,-3826.3985804977347,40.277879794713016
301,41115.02717415916,55500.00000000002,14384.972825840865,25.918869956470015
302,9359.870695819824,6999.999999999999,-2359.8706958198245,33.71243851171178
303,14230.148909124602,18499.999999999985,4269.851090875383,23.08027616689398
304,12704.49475521921,16800.000000000004,4095.505244780794,24.378007409409484
305,3706.7965124832826,3899.9999999999977,193.2034875167151,4.953935577351672
306,46583.254061513,54999.99999999995,8416.74593848695,15.303174433612652
307,16624.21834478349,22000.0,5375.7816552165095,24.435371160075043
308,34391.1505258093,73900.00000000001,39508.84947419071,53.4625838622337
309,8468.000805548849,12899.999999999993,4431.999194451144,34.35658290272207
310,3261.260700564338,4500.000000000001,1238.7392994356628,27.52753998745917
311,11940.102283788256,14500.000000000004,2559.897716211748,17.654467008356878
312,36134.411789514255,31500.000000000015,-4634.411789514241,14.71241837941028
313,11753.391820705396,12999.99999999999,1246.6081792945952,9.58929368688151
314,22495.271284707505,35300.00000000001,12804.728715292502,36.2740190234915
315,15825.268545433724,12950.0,-2875.2685454337243,22.202845910685127
316,7929.934062504817,6999.999999999999,-929.934062504818,13.284772321497401
317,1552.6245438043977,1550.0000000000007,-2.6245438043970353,0.16932540673529253
318,4056.103177480435,1450.0,-2606.103177480435,179.73125361934035
319,15211.041197024022,22499.99999999999,7288.958802975967,32.39537245767098
320,6672.347613493434,6499.999999999995,-172.34761349343898,2.6515017460529093
321,12337.933558390609,13200.000000000002,862.0664416093932,6.530806375828736
322,11613.99251333182,10999.999999999998,-613.9925133318211,5.581750121198374
323,9897.745476613374,11989.99999999999,2092.2545233866167,17.449996024909243
324,15455.191516365088,29999.000000000025,14543.808483634937,48.48097764470457
325,4561.897613781018,3499.9999999999995,-1061.8976137810182,30.33993182231481
326,41403.17240417856,112000.00000000003,70596.82759582147,63.03288178198343
327,11960.339999584015,10199.99999999999,-1760.3399995840246,17.258235290039472
328,6169.8066970766895,4500.000000000001,-1669.8066970766886,37.10681549059307
329,4643.3452455853085,6249.999999999999,1606.6547544146906,25.706476070635055
330,2136.4670926706995,2549.9999999999995,413.5329073293001,16.21697675801177
331,4277.995002957597,5499.999999999999,1222.0049970424025,22.21827267349823
332,11892.973935298416,9300.000000000007,-2592.973935298409,27.881440164499
333,9357.546334721648,6299.999999999996,-3057.546334721652,48.53248150351831
334,5159.471408425457,11300.000000000007,6140.52859157455,54.340960987385365
335,16572.50461574382,15672.15000000001,-900.3546157438086,5.744933629041376
336,7329.329558794697,10999.999999999998,3670.6704412053014,33.36973128368456
337,4495.022123957431,6899.999999999999,2404.977876042568,34.85475182670389
338,9292.657907959507,13300.000000000005,4007.3420920404988,30.130391669477426
339,28130.313709076443,27800.000000000007,-330.31370907643577,1.1881788096274664
340,13811.390568597677,8099.999999999999,-5711.390568597678,70.5109946740454
341,13836.023493637564,12799.99999999999,-1036.0234936375728,8.093933544043542
342,3567.915248326347,2650.0,-917.915248326347,34.638311257598
343,17318.986157996158,18699.999999999996,1381.0138420038384,7.385100759378817
344,62979.65870328071,80999.00000000001,18019.341296719307,22.246375012925228
345,10399.1842010682,6999.999999999999,-3399.1842010682003,48.5597743009743
346,2686.214562558064,2199.9999999999995,-486.21456255806424,22.10066193445747
347,16221.490963313443,22799.999999999996,6578.509036686553,28.853109810028748
348,23283.6005362092,27500.000000000022,4216.399463790822,15.332361686512067
349,3511.221052320185,2699.999999999999,-811.2210523201861,30.045224160006907
350,23635.7416499086,35500.00000000002,11864.258350091422,33.42044605659554
351,26209.66245386717,26799.99999999998,590.3375461328105,2.202752037808996
352,7965.488371603399,8700.000000000004,734.5116283966045,8.442662395363266
353,11787.04056615455,9499.999999999995,-2287.0405661545556,24.074111222679544
354,7308.421988144454,8099.999999999999,791.5780118555449,9.772568047599322
355,12689.612356293224,11499.999999999996,-1189.612356293228,10.34445527211503
356,10373.456167085684,8849.999999999993,-1523.456167085691,17.214193978369405
357,9481.543426880673,10900.000000000002,1418.4565731193288,13.013363056140628
358,7360.885484669964,2300.000000000001,-5060.885484669963,220.03849933347658
359,6101.738455994411,7600.000000000003,1498.2615440055915,19.713967684284093
360,3483.769355413173,2600.0,-883.7693554131729,33.991129054352804
361,6084.538107922845,6699.9999999999945,615.46189207715,9.185998389211202
362,8849.790726838386,1900.0000000000005,-6949.790726838386,365.7784593072834
363,7930.087407628625,17500.000000000015,9569.91259237139,54.68521481355075
364,49632.92337894066,21499.99999999998,-28132.923378940675,130.85080641367767
365,13326.39858049773,5499.999999999999,-7826.39858049773,142.29815600904968
366,8643.488923328492,7500.000000000001,-1143.4889233284912,15.246518977713214
367,19802.480132560988,18400.00000000001,-1402.480132560977,7.622174633483565
368,22000.575596919414,21499.99999999998,-500.5755969194324,2.3282585903229434
369,65069.77412082092,109999.00000000007,44929.225879179154,40.84512211854573
370,8435.5262488413,5150.000000000002,-3285.5262488412973,63.79662619109313
371,9194.612130119382,7199.999999999996,-1994.6121301193853,27.702946251658144
372,16317.56125450904,13200.000000000002,-3117.561254509039,23.617888291735138
373,8668.878955656408,8000.0,-668.8789556564079,8.360986945705099
374,3889.354130940244,3599.999999999998,-289.3541309402458,8.037614748340165
375,18409.952249416885,17200.000000000004,-1209.9522494168814,7.0346061012609375
376,18744.681352288277,16200.0,-2544.6813522882767,15.7079095820264
377,9345.981294250869,7400.0,-1945.9812942508688,26.297044516903632
378,19775.137217308493,39500.00000000002,19724.86278269153,49.9363614751684
379,14923.070198889676,14199.999999999995,-723.0701988896817,5.09204365415269
380,54216.1014552791,56499.99999999999,2283.8985447208906,4.042298309240515
381,5442.236435180471,8800.000000000007,3357.7635648195364,38.15640414567652
382,9190.2835722508,5799.999999999996,-3390.2835722508044,58.45316503880701
383,20498.880800060826,32000.000000000007,11501.119199939181,35.94099749980993
384,21706.72969923421,2699.999999999999,-19006.72969923421,703.9529518234895
385,2808.3434504609013,2900.0000000000005,91.65654953909916,3.1605706737620394
386,5850.058850019077,4800.000000000001,-1050.058850019076,21.876226042064083
387,11956.554375321277,12500.0,543.4456246787231,4.347564997429785
388,24993.1964689557,28900.00000000002,3906.8035310443192,13.518351318492448
389,20895.882794217534,25998.999999999993,5103.117205782459,19.62812879642471
390,11579.282820278328,12500.0,920.7171797216724,7.36573743777338
391,43736.30302540604,55500.00000000002,11763.696974593979,21.195850404673827
392,16737.243019511126,12999.000000000007,-3738.243019511119,28.757927682984207
393,10626.527285138542,9800.000000000007,-826.5272851385344,8.43395188916871
394,9734.261109007102,11499.999999999996,1765.738890992894,15.35425122602517
395,42503.80767906701,41899.99999999997,-603.8076790670384,1.4410684464607133
396,2375.0263612779463,2799.9999999999995,424.97363872205324,15.177629954359045
397,9814.20967539539,11799.999999999998,1985.790324604608,16.828731564445835
398,10733.325761845179,30500.000000000022,19766.674238154843,64.80876799395026
399,3025.8661443340366,2549.9999999999995,-475.866144334037,18.661417424864197
400,31019.388971177326,19900.000000000007,-11119.388971177319,55.87632648832822
401,8407.030010295273,9800.000000000007,1392.969989704734,14.213979486782987
402,10867.212882099862,8999.0,-1868.2128820998623,20.760227604176713
403,3756.0587210351764,2600.0,-1156.0587210351764,44.4637969628914
404,12196.896479123368,18200.000000000004,6003.103520876635,32.984085279541944
405,76888.03577107405,103999.00000000004,27110.964228925994,26.068485494020116
406,5761.416050045541,6998.999999999996,1237.5839499544554,17.682296756028805
407,8778.866284444097,15300.000000000004,6521.133715555907,42.62178899056147
408,7740.237110001321,8500.000000000005,759.7628899986848,8.938386941160992
409,73481.29995902159,108999.99999999994,35518.70004097835,32.58596334034713
410,15011.090769145529,14700.000000000002,-311.0907691455268,2.116263735683855
411,16444.090713694313,20999.999999999985,4555.909286305672,21.69480612526512
412,2830.865180161919,6799.999999999999,3969.13481983808,58.36962970350119
413,7842.045751341341,8300.000000000007,457.9542486586661,5.517521068176695
414,7564.546847355455,12349.999999999996,4785.453152644542,38.748608523437596
415,37851.62314893607,24990.0,-12861.623148936073,51.467079427515294
416,8845.954393085838,6399.9999999999945,-2445.9543930858435,38.218037391966334
417,16406.609851914942,23999.999999999985,7593.390148085044,31.639125617021037
418,65374.73981778016,111999.00000000003,46624.26018221987,41.62917542319115
419,11036.04684725016,12799.99999999999,1763.9531527498311,13.780884005858066
420,5190.324243239676,4500.000000000001,-690.3242432396755,15.340538738659454
421,11637.295040306164,10599.999999999993,-1037.2950403061714,9.78580226703936
422,9564.842480031339,10999.999999999998,1435.1575199686595,13.046886545169635
423,16462.64762812113,20500.000000000015,4037.3523718788856,19.69440181404333
424,11476.253131839743,11199.99999999999,-276.2531318397523,2.4665458199977905
425,9505.11768366852,7899.999999999996,-1605.1176836685245,20.317945362892726
426,26365.36397581949,33500.00000000001,7134.636024180516,21.29742096770303
427,19861.605315978268,14500.000000000004,-5361.605315978264,36.97658838605699
428,13422.576342985074,10699.99999999999,-2722.576342985083,25.44463871948678
429,10981.546393811972,9899.999999999995,-1081.5463938119774,10.924711048605838
430,8137.6450740935115,10499.999999999993,2362.354925906481,22.498618341966502
431,34615.75863321134,21300.00000000002,-13315.758633211324,62.51529874747095
432,12982.782731761816,11707.800000000005,-1274.982731761811,10.890028286798634
433,5253.0610687167355,2499.9999999999995,-2753.061068716736,110.12244274866944
434,11886.758857974908,11799.999999999998,-86.75885797490992,0.7352445591094061
435,13466.936990216049,7300.000000000002,-6166.936990216047,84.47858890706912
436,13402.808151389576,16449.999999999993,3047.191848610417,18.523962605534457
437,8269.95777463293,8800.000000000007,530.0422253670768,6.023207106444049
438,9833.503195418434,10900.000000000002,1066.4968045815676,9.784374353959334
439,5696.152240799333,6099.999999999998,403.84775920066477,6.620455068863358
440,4726.547240291917,2600.0,-2126.5472402919168,81.79027847276603
441,29484.17689954525,36499.99999999998,7015.823100454727,19.22143315193077
442,31933.831495397706,23999.999999999985,-7933.831495397721,33.05763123082386
443,3797.9288852929208,1500.0,-2297.9288852929208,153.19525901952804
444,6096.050964872431,5799.999999999996,-296.05096487243463,5.104326980559222
445,6855.4554383884415,4599.000000000003,-2256.455438388439,49.06404519218172
446,11148.380550935799,25300.000000000015,14151.619449064216,55.93525473938422
447,6268.73901075714,7799.999999999996,1531.2609892428563,19.63155114413919
448,22154.761580771028,32999.99999999998,10845.23841922895,32.864358846148356
449,9658.261821184587,4699.999999999997,-4958.26182118459,105.49493236562964
450,35486.446787997105,58499.99999999999,23013.553212002887,39.33940720000494
451,6784.172547154897,9000.000000000004,2215.8274528451066,24.620305031612286
452,17058.9942844332,39999.99999999997,22941.00571556677,57.352514288916964
453,8867.516113295711,6199.999999999998,-2667.516113295713,43.024453440253446
454,15333.382586462678,8300.000000000007,-7033.382586462671,84.73954923448993
455,8617.542784784098,11999.999999999993,3382.4572152158944,28.187143460132468
456,10847.355370372514,9950.000000000002,-897.355370372512,9.018646938417204
457,7970.674512582182,7700.0000000000055,-270.67451258217625,3.5152534101581305
458,9897.745476613374,11989.99999999999,2092.2545233866167,17.449996024909243
459,33089.20087039172,36900.000000000015,3810.799129608291,10.327368914927613
460,21791.5433395764,41000.00000000003,19208.456660423628,46.84989429371613
461,53990.381681747866,39999.99999999997,-13990.381681747895,34.97595420436976
462,5172.89041487914,5949.999999999998,777.1095851208584,13.060665296148885
463,3706.7965124832826,4799.000000000001,1092.2034875167183,22.758980777593624
464,65063.428778295725,109999.00000000007,44935.57122170435,40.85089066419178
465,14091.166355406653,17394.089999999986,3302.923644593333,18.98876943026819
466,35312.0173197287,47600.0,12287.9826802713,25.815089664435504
467,20517.268963409977,10499.999999999993,-10017.268963409984,95.40256155628562
468,18310.426990056298,20900.000000000007,2589.5730099437096,12.390301482984253
469,9844.48478084749,5600.000000000005,-4244.484780847485,75.79437108656218
470,9283.763666668485,5299.999999999996,-3983.7636666684884,75.1653522012923
471,22027.36538736458,22499.99999999999,472.6346126354074,2.1005982783795893
472,5942.592782072332,8500.000000000005,2557.4072179276736,30.08714374032555
473,25326.52437256403,18456.159999999985,-6870.364372564043,37.2253186608918
474,11796.687631806642,27500.000000000022,15703.31236819338,57.10295406615769
475,18943.588996247814,38200.00000000002,19256.411003752208,50.40945288940366
476,38738.31968567536,43719.0,4980.680314324643,11.392484536070457
477,30358.958142011084,36900.000000000015,6541.04185798893,17.726400699156986
478,25151.459651354144,41999.99999999998,16848.540348645834,40.11557225868058
479,10758.113005984049,11799.999999999998,1041.8869940159493,8.829550796745336
480,10252.421733693776,12299.999999999989,2047.5782663062128,16.646977774847276
481,10908.962966793562,10800.000000000007,-108.9629667935551,1.0089163591995836
482,6612.909732852219,3800.0000000000014,-2812.909732852218,74.02394033821624
483,14731.479498115177,12950.0,-1781.4794981151772,13.756598441043838
484,13877.474364600623,9000.000000000004,-4877.474364600619,54.19415960667352
485,2853.256141925657,5200.000000000001,2346.7438580743437,45.12968957835275
486,13359.971110689108,8900.000000000002,-4459.971110689106,50.112034951562975
487,3941.430130685527,5999.999999999995,2058.5698693144686,34.30949782190783
488,4060.4036230990246,4999.000000000002,938.5963769009772,18.77568267455445
489,56770.93886119116,97499.99999999997,40729.06113880881,41.77339603980392
490,7986.172291956663,6998.999999999996,-987.1722919566664,14.104476238843647
491,3133.8402997926346,4500.000000000001,1366.1597002073663,30.359104449052577
492,27144.24083760879,21899.999999999993,-5244.240837608799,23.946305194560733
493,37671.375729496736,28500.00000000002,-9171.375729496718,32.18026571753232
494,5486.907667295574,5850.000000000003,363.0923327044284,6.206706541956038
495,8368.524117240368,6899.999999999999,-1468.5241172403685,21.28295822087491
496,8011.248561455718,1350.0000000000005,-6661.248561455717,493.42581936708996
497,6577.1076575210855,9200.000000000005,2622.89234247892,28.509699374770854
498,17961.11086866135,17191.200000000004,-769.9108686613472,4.478517315029475
499,10320.528444796315,7500.000000000001,-2820.528444796314,37.60704593061752
500,7038.324071853574,3599.999999999998,-3438.3240718535762,95.50900199593272
501,9571.536556501433,8900.000000000002,-671.5365565014308,7.545354567431806
502,3062.5110568719074,2499.9999999999995,-562.5110568719078,22.500442274876317
503,25896.86771189881,30000.000000000007,4103.132288101198,13.67710762700399
504,5133.785432985553,9399.999999999995,4266.214567014442,45.385261351217494
505,9278.440050697256,9499.999999999995,221.55994930273846,2.3322099926604065
506,10708.289441020757,9200.000000000005,-1508.2894410207518,16.39445044587773
507,29275.938586562974,36100.0,6824.061413437026,18.903217211736916
508,15389.19239112933,11399.999999999996,-3989.1923911293343,34.992915711660835
509,5814.8671770644705,2499.9999999999995,-3314.867177064471,132.59468708257887
510,22653.310510100608,5499.999999999999,-17153.310510100608,311.8783729109202
511,12615.504123419865,19699.99999999999,7084.495876580124,35.96190800294481
512,19148.76190768805,25000.0,5851.238092311949,23.4049523692478
513,9797.605867082668,10599.999999999993,802.3941329173249,7.569755970918164
514,10824.89425403605,13499.999999999996,2675.105745963947,19.815598118251465
515,14362.57760721099,10199.99999999999,-4162.577607210998,40.80958438442159
516,16210.807967619885,17900.000000000007,1689.1920323801223,9.436826996536993
517,14707.635200886205,17500.000000000015,2792.3647991138096,15.956370280650328
518,10820.814263748938,17900.000000000007,7079.185736251069,39.548523666207075
519,17402.51196313871,22000.0,4597.48803686129,20.897672894824044
520,13077.31080854862,16800.000000000004,3722.6891914513835,22.158864234829657
521,14841.529762587252,17800.000000000007,2958.4702374127555,16.620619311307607
522,12313.250479070817,9999.0,-2314.250479070817,23.144819272635438
523,11372.147645175975,12799.99999999999,1427.8523548240155,11.155096522062628
524,20513.99282973089,18200.000000000004,-2313.992829730887,12.714246317202674
525,4041.282971461181,3499.9999999999995,-541.2829714611817,15.465227756033764
526,6951.665278125436,9200.000000000005,2248.3347218745694,24.438420889940957
527,7606.283804481013,11799.999999999998,4193.716195518985,35.53996775863547
528,25297.13181970487,19799.99999999999,-5497.131819704882,27.763292018711542
529,11122.014023900612,8999.0,-2123.0140239006123,23.591666006229715
530,12313.250479070817,11950.00000000001,-363.25047907080807,3.03975296293563
531,2507.259082602863,2099.0000000000005,-408.2590826028627,19.45017068141318
532,24050.68866597156,25500.0,1449.31133402844,5.683573858935058
533,40082.61660670387,124999.99999999991,84917.38339329604,67.93390671463688
534,18020.283216011707,10492.999999999993,-7527.283216011714,71.7362357382228
535,8700.205329285109,7099.999999999997,-1600.2053292851115,22.538103229367774
536,17689.122572547032,15500.00000000001,-2189.122572547023,14.123371435787238
537,48579.01045954083,45200.00000000004,-3379.01045954079,7.475686857391123
538,16760.621469414295,20007.00000000001,3246.3785305857164,16.2262134782112
539,47235.83984307068,45499.99999999997,-1735.8398430707093,3.8150326221334296
540,2383.1594007134,1990.0000000000002,-393.1594007133997,19.75675380469345
541,24664.550262429526,23999.000000000015,-665.5502624295113,2.773241645191512
542,6831.074426041849,14000.0,7168.925573958151,51.20661124255822
543,13546.632429873021,13599.999999999998,53.367570126976716,0.39240860387482884
544,17851.201769325817,21950.00000000001,4098.798230674194,18.67334045865236
545,12313.37446349189,2400.0000000000005,-9913.37446349189,413.05726931216196
546,11459.965874189998,8500.000000000005,-2959.965874189993,34.82312793164695
547,18979.776117371126,11899.999999999998,-7079.776117371128,59.49391695269857
548,4671.4612409261135,6299.999999999996,1628.5387590738828,25.84982157260133
549,9063.04808873815,15000.000000000004,5936.951911261853,39.579679408412346
550,6539.522678655611,8400.000000000002,1860.4773213443905,22.14853953981417
551,34900.336963189875,23500.00000000001,-11400.336963189864,48.51207218378663
552,8626.18110516382,8900.000000000002,273.81889483618215,3.0766167959121584
553,4186.15735187844,4200.0,13.84264812156016,0.32958686003714666
554,15596.674928568103,21499.99999999998,5903.325071431878,27.457325913636666
555,10599.35711979909,14500.000000000004,3900.642880200914,26.900985380695953
556,26533.928461939286,22899.999999999996,-3633.9284619392893,15.868683239909561
557,5503.54559187783,5999.999999999995,496.45440812216566,8.274240135369434
558,17157.779331812453,23500.00000000001,6342.220668187558,26.988173056117255
559,7078.5807333903485,3800.0000000000014,-3278.580733390347,86.27844035237753
560,21101.110550230744,27699.99999999999,6598.889449769245,23.82270559483483
561,12231.09142354865,14899.999999999995,2668.908576451344,17.91213809698889
562,3648.0563519273105,5299.999999999996,1651.9436480726858,31.16874807684315
563,4650.481079300495,6499.999999999995,1849.5189206995,28.45413724153079
564,3927.3072753630936,2650.0,-1277.3072753630936,48.20027454200353
565,8176.739297636999,6449.999999999995,-1726.7392976370038,26.771151901348915
566,11830.886089548092,14500.000000000004,2669.1139104519116,18.407682141047662
567,6904.361915750475,2199.9999999999995,-4704.361915750476,213.8346325341126
568,5902.155385588265,3999.9999999999995,-1902.1553855882653,47.55388463970664
569,10547.134274262415,10999.000000000005,451.86572573759076,4.108243710679067
570,9418.973303418987,9499.999999999995,81.02669658100785,0.8529125955895568
571,8535.665635110523,7799.999999999996,-735.6656351105266,9.431610706545218
572,9552.399259845704,15000.000000000004,5447.600740154299,36.31733826769532
573,1888.5626549222975,2199.0,310.4373450777025,14.117205324133812
574,28382.418594359027,34000.00000000003,5617.581405641002,16.522298251885285
575,28516.96636420064,39000.00000000002,10483.03363579938,26.8795734251266
576,26201.17340918911,23299.999999999978,-2901.1734091891303,12.451388022270956
577,15912.082366214596,17900.000000000007,1987.9176337854115,11.105685104946428
578,11067.244588761512,10199.99999999999,-867.2445887615213,8.50239792903453
579,32002.85366756628,5999.999999999995,-26002.853667566284,433.38089445943837
580,33406.60428894878,44999.999999999985,11593.395711051206,25.7631015801138
581,15615.658458033146,11700.000000000007,-3915.6584580331382,33.46716630797552
582,18252.643110285597,18300.000000000015,47.356889714417775,0.2587808181115724
583,12335.28260159727,14500.000000000004,2164.717398402734,14.929085506225748
584,5770.974820876767,8300.000000000007,2529.0251791232404,30.47018288100287
585,23469.0697919903,30900.0,7430.9302080097,24.04831782527411
586,11010.111524496686,8700.000000000004,-2310.1115244966823,26.553006028697485
587,11602.98912220952,15000.000000000004,3397.0108777904843,22.64673918526989
588,4875.151807374301,5999.999999999995,1124.8481926256945,18.747469877094925
589,12416.839812822569,12399.999999999996,-16.83981282257264,0.13580494211752134
590,7120.285666613798,6699.9999999999945,-420.2856666138032,6.272920397220948
591,13439.464237786075,8300.000000000007,-5139.464237786067,61.92125587694052
592,8240.599539915203,7300.000000000002,-940.5995399152016,12.884925204317826
593,79129.02615758743,103999.99999999996,24870.973842412524,23.91439792539667
594,36615.41526432025,35554.999999999985,-1060.4152643202615,2.9824645319090477
595,6016.800359141598,2600.0,-3416.800359141598,131.41539842852302
596,5984.332268855692,2300.000000000001,-3684.332268855691,160.18835951546475
597,26652.58436672314,29500.000000000025,2847.415633276887,9.652256383989439
598,12316.427606565603,5000.000000000004,-7316.4276065655995,146.32855213131188
599,19650.854955904168,36999.99999999997,17349.145044095803,46.88958120025897
600,36692.19604404879,61500.00000000001,24807.803955951218,40.33789261130279
601,15308.862596960553,12899.999999999993,-2408.86259696056,18.673353464810553
602,13150.38221826402,14899.999999999995,1749.6177817359749,11.742401219704533
603,7218.487957247721,11950.00000000001,4731.512042752288,39.59424303558397
604,16493.587228796354,7199.999999999996,-9293.587228796358,129.07760039994946
605,5517.532272480366,8800.000000000007,3282.467727519641,37.30076963090498
606,34002.41322121871,44999.999999999985,10997.586778781275,24.439081730625066
607,6343.321389187688,9800.000000000007,3456.6786108123197,35.27223072257467
608,65063.428778295725,105000.00000000004,39936.57122170432,38.034829734956475
609,6948.03536309316,10499.999999999993,3551.9646369068323,33.82823463720795
610,12504.639473875757,12899.999999999993,395.36052612423555,3.0648102800328356
611,12480.37781863668,10499.999999999993,-1980.3778186366872,18.860741129873222
612,44773.32745031694,30500.000000000022,-14273.327450316916,46.79779491907182
613,3801.3326876492256,2900.0000000000005,-901.3326876492251,31.080437505145692
614,9737.034664186316,8099.999999999999,-1637.034664186317,20.210304496127375
615,4587.482819507068,4500.000000000001,-87.48281950706678,1.9440626557125948
616,12724.822170425861,19500.000000000007,6775.177829574146,34.74450169012381
617,8061.133623331401,10699.99999999999,2638.8663766685895,24.662302585687772
618,7567.547916385862,6399.9999999999945,-1167.5479163858672,18.24293619352919
619,5237.276222933638,3300.0,-1937.2762229336377,58.705340088898105
620,30445.33514915027,5499.999999999999,-24945.33514915027,453.5515481663686
621,20254.11177015481,10900.000000000002,-9354.111770154808,85.81753917573216
622,8639.275353901423,5200.000000000001,-3439.275353901422,66.1399106519504
623,5794.636858115466,4650.000000000004,-1144.636858115462,24.615846411085187
624,37313.14236604301,46500.0,9186.857633956992,19.756683083778476
625,11466.848368868577,15300.000000000004,3833.1516311314263,25.053278634845917
626,7650.275220353321,6899.999999999999,-750.2752203533219,10.873553918164086
627,4684.690809799432,3599.999999999998,-1084.6908097994337,30.130300272206505
628,8152.376174424217,7400.0,-752.3761744242174,10.167245600327263
629,1739.2285182880541,1900.0000000000005,160.7714817119463,8.461656932207697
630,11352.692335091513,10396.229999999992,-956.4623350915208,9.200088254025946
631,18761.485708157536,24299.999999999985,5538.51429184245,22.792239884125323
632,5555.204019691135,7799.999999999996,2244.7959803088615,28.77943564498542
633,8426.147074448683,10800.000000000007,2373.852925551324,21.980119681030764
634,7319.940081886917,6999.999999999999,-319.94008188691805,4.570572598384545
635,15325.424154838383,21899.999999999993,6574.575845161609,30.020894270144343
636,14388.650265559167,16000.000000000002,1611.3497344408352,10.070935840255219
637,35312.0173197287,47600.0,12287.9826802713,25.815089664435504
638,12539.988771989314,12750.0,210.01122801068595,1.6471468863583212
639,7120.285666613798,9899.999999999995,2779.714333386197,28.077922559456546
640,3252.0045629265087,4999.000000000002,1746.9954370734931,34.946898121094065
641,9753.251819423387,6999.999999999999,-2753.251819423388,39.332168848905546
642,11476.253131839743,8750.000000000007,-2726.253131839736,31.157178649596958
643,8310.400431511136,10599.999999999993,2289.5995684888567,21.599995929140174
644,3086.1394006444693,2549.9999999999995,-536.1394006444698,21.025074535077252
645,24040.979085387786,20477.539999999986,-3563.4390853877994,17.401695151799494
646,25511.88152410539,22000.0,-3511.881524105389,15.963097836842676
647,3510.6478542742016,1900.0000000000005,-1610.647854274201,84.77093969864214
648,12058.079988977332,12500.0,441.9200110226684,3.5353600881813474
649,25593.99629905084,21699.999999999993,-3893.9962990508466,17.944683405764277
650,23488.056501038962,39000.00000000002,15511.94349896106,39.77421409990013
651,8937.175141090915,6650.000000000002,-2287.175141090913,34.393611144224245
652,12858.83788115839,18799.999999999993,5941.162118841603,31.601926164051093
653,11487.778421781019,11403.989999999993,-83.78842178102605,0.7347290008236249
654,31222.33163273246,27500.000000000022,-3722.331632732439,13.535751391754314
655,6598.6044581826,7500.000000000001,901.395541817401,12.018607224232012
656,4825.838811766153,3499.9999999999995,-1325.8388117661539,37.8811089076044
657,1028.2063889957617,2350.0000000000005,1321.7936110042388,56.24653663847824
658,9767.616822009113,13900.000000000002,4132.383177990889,29.72937538122941
659,21000.628182301203,32000.000000000007,10999.371817698804,34.37303693030876
660,11861.623997039787,9899.999999999995,-1961.6239970397928,19.814383808482766
661,10705.309367357248,12500.0,1794.6906326427525,14.35752506114202
662,18067.593586684237,21998.999999999996,3931.406413315759,17.870841462410837
663,35878.850491187084,34600.0,-1278.8504911870841,3.6960996855118036
664,13158.696952904327,10999.000000000005,-2159.6969529043217,19.63539369855733
665,16991.446683007187,31500.000000000015,14508.553316992828,46.058899419024826
666,11744.877000890478,6899.999999999999,-4844.8770008904785,70.21560870855767
667,13227.206059316928,14300.000000000002,1072.7939406830737,7.502055529252264
668,13014.415594044849,14490.000000000002,1475.5844059551528,10.183467259869929
669,4415.04590717302,5299.999999999996,884.9540928269762,16.69724703447126
670,8643.488923328492,9899.999999999995,1256.5110766715025,12.692031077489933
671,26411.395320802363,22499.99999999999,-3911.395320802374,17.383979203566117
672,15199.753337518307,14990.000000000004,-209.75333751830294,1.3992884424169638
673,32477.429902719432,30949.999999999985,-1527.4299027194465,4.935153159028909
674,8728.319071931213,8800.000000000007,71.68092806879395,0.8145560007817487
675,10188.883311705596,5000.000000000004,-5188.883311705593,103.77766623411178
676,11179.458670533406,6399.9999999999945,-4779.458670533411,74.67904172708461
677,13593.056649771346,11499.999999999996,-2093.05664977135,18.200492606707396
678,6934.871448219046,10999.000000000005,4064.1285517809592,36.94998228730755
679,13036.95555346175,8700.000000000004,-4336.955553461747,49.85006383289362
680,68893.64217782316,79999.99999999994,11106.357822176782,13.882947277720989
681,6170.4808921617605,4999.000000000002,-1171.4808921617587,23.434304704176
682,7776.6233175690995,10199.99999999999,2423.3766824308914,23.758594925793076
683,11132.865583667279,17650.000000000004,6517.134416332725,36.92427431349985
684,2450.27968900419,2999.9999999999977,549.7203109958077,18.324010366526938
685,50880.794345876144,98000.00000000001,47119.20565412387,48.080822096044756
686,17223.526756485353,19400.00000000001,2176.473243514658,11.218934244920911
687,8686.755280001664,3200.0000000000027,-5486.755280001661,171.46110250005177
688,13489.966308043382,11899.999999999998,-1589.9663080433838,13.361061412129278
689,10429.857480036375,2999.9999999999977,-7429.857480036377,247.66191600121275
690,30000.698558365057,34000.00000000003,3999.3014416349724,11.76265129892638
691,39121.764484857915,75554.99999999997,36433.235515142056,48.220813334844905
692,14783.770762158196,9200.000000000005,-5583.77076215819,60.69316045824117
693,67206.99861855384,86998.99999999997,19792.001381446127,22.749688365896315
694,17618.620124006397,4800.000000000001,-12818.620124006397,267.05458591679985
695,76521.89902763866,74999.00000000001,-1522.8990276386467,2.030559110973008
696,14906.901608577578,18000.000000000007,3093.098391422429,17.18387995234682
697,15560.731487974617,18000.000000000007,2439.26851202539,13.551491733474382
698,4668.6244131637495,7199.999999999996,2531.375586836247,35.157994261614554
699,3208.457570676216,2498.9999999999995,-709.4575706762166,28.389658690524875
700,3293.0444229692034,4600.000000000003,1306.9555770307993,28.412077761539102
701,5097.977699833992,4200.0,-897.9776998339921,21.38042142461886
702,2378.767634297724,2999.9999999999977,621.2323657022739,20.707745523409145
703,13293.923970290392,13699.999999999996,406.076029709604,2.964058611019008
704,11010.111524496686,16499.999999999985,5489.8884755033,33.272051366686696
705,15918.964364239304,15500.00000000001,-418.9643642392948,2.7029958983180293
706,13175.003746535473,12899.999999999993,-275.0037465354799,2.131811988647132
707,22711.05395153895,44999.999999999985,22288.946048461035,49.53099121880232
708,16877.75385032822,12500.0,-4377.753850328219,35.02203080262575
709,41808.50153629336,63499.99999999997,21691.498463706608,34.15984010032538
710,17455.713870449687,13499.999999999996,-3955.71387044969,29.301584225553267
711,16378.258692073583,17699.999999999985,1321.7413079264024,7.467465016533353
712,14073.153166000924,13300.000000000005,-773.1531660009186,5.813181699255026
713,4677.739052237999,4600.000000000003,-77.73905223799648,1.6899793964781833
714,23180.856450704072,37999.999999999985,14819.143549295914,38.99774618235769
715,20238.704305701423,38888.00000000001,18649.295694298584,47.956427932263374
716,33406.60428894878,41000.00000000003,7593.395711051249,18.520477344027427
717,2342.272692515151,2600.0,257.727307484849,9.912588749417269
718,44412.84642511987,69900.00000000003,25487.15357488016,36.462308404692635
719,7573.044188414703,6299.999999999996,-1273.0441884147067,20.20705060975726
720,9506.579429034946,12799.99999999999,3293.420570965045,25.72984821066443
721,9764.748653545787,11700.000000000007,1935.2513464542208,16.540609798754012
722,9113.318135226305,10499.999999999993,1386.6818647736873,13.206493950225603
723,9239.145342788346,4200.0,-5039.145342788346,119.97965101877016
724,14042.874470625693,12500.0,-1542.874470625693,12.342995765005544
725,10632.969201000167,5100.000000000005,-5532.969201000163,108.48959217647366
726,76888.03577107405,103999.00000000004,27110.964228925994,26.068485494020116
727,31494.98063875102,34999.99999999997,3505.0193612489493,10.014341032139864
728,2780.3885423506454,3300.0,519.6114576493546,15.745801746950141
729,7547.447741262915,11199.99999999999,3652.552258737076,32.612073738723915
730,9240.840152748797,8500.000000000005,-740.8401527487913,8.715766502926952
731,22171.715673486757,2650.0,-19521.715673486757,736.6685159806323
732,9099.309581104757,11799.999999999998,2700.6904188952412,22.887206939790183
733,11417.208629183644,10777.000000000007,-640.2086291836367,5.940508761098973
734,18050.090799150963,26999.999999999996,8949.909200849033,33.14781185499642
735,10753.670684182565,14500.000000000004,3746.3293158174383,25.836753902189223
736,48096.644273844395,56799.99999999999,8703.355726155598,15.322809377034504
737,15397.170586487175,12700.000000000004,-2697.170586487171,21.237563673127326
738,8846.34567466138,20299.999999999985,11453.654325338606,56.42194248935278
739,12836.862792277585,12498.99999999999,-337.86279227759405,2.7031185877077712
740,6823.836294636621,7700.0000000000055,876.1637053633849,11.378749420303693
741,28341.66459111665,23799.999999999996,-4541.664591116652,19.082624332422913
742,11743.815095554759,20500.000000000015,8756.184904445256,42.713097094854874
743,11179.039332714066,10999.999999999998,-179.03933271406822,1.6276302974006205
744,11120.198382956667,18999.999999999993,7879.801617043326,41.47264008970173
745,14260.841475012401,10650.000000000007,-3610.841475012394,33.90461478884875
746,10293.116074053001,10699.99999999999,406.8839259469896,3.802653513523271
747,62265.29766454578,74999.99999999996,12734.702335454174,16.97960311393891
748,24547.09898381614,23999.000000000015,-548.0989838161258,2.2838409259391037
749,3450.6693044978506,2100.0,-1350.6693044978506,64.31758592846907
750,8250.689066941432,3999.9999999999995,-4250.6890669414315,106.2672266735358
751,21610.780280791398,28500.00000000002,6889.2197192086205,24.17270076915304
752,7482.976953694598,8500.000000000005,1017.0230463054077,11.964977015357729
753,4143.609559853182,4550.0,406.39044014681804,8.931658025204792
754,12880.170744403393,600.0,-12280.170744403393,2046.6951240672322
755,19016.483739432773,22499.99999999999,3483.516260567216,15.482294491409856
756,1848.5566328013092,2199.0,350.4433671986908,15.936487821677616
757,6254.295810597921,4400.000000000004,-1854.2958105979178,42.143086604498095
758,9061.883555194025,8700.000000000004,-361.883555194021,4.159581094184148
759,9190.690084479558,20399.999999999985,11209.309915520427,54.94759762510017
760,3888.024705179598,3499.9999999999995,-388.02470517959864,11.086420147988534
761,51004.97851158663,49500.00000000002,-1504.9785115866107,3.040360629467899
762,4089.7904032463525,3999.9999999999995,-89.79040324635298,2.2447600811588244
763,35236.20292767366,42499.99999999999,7263.797072326335,17.091287229003143
764,6043.255953505914,5650.000000000004,-393.25595350590993,6.960282362936454
765,7563.795938390241,7700.0000000000055,136.20406160976472,1.76888391700993
766,6211.310769631862,4749.999999999997,-1461.3107696318648,30.764437255407696
767,14623.33048842155,25999.999999999985,11376.669511578435,43.75642119837862
768,8643.302289819872,2400.0000000000005,-6243.302289819872,260.1375954091613
769,38580.85505968891,116500.00000000001,77919.1449403111,66.88338621485931
770,9302.153368345764,12700.000000000004,3397.84663165424,26.75469788704125
771,2870.345976778846,2499.9999999999995,-370.3459767788463,14.813839071153856
772,19259.637051458332,9999.0,-9260.637051458332,92.6156320777911
773,2854.6477392940415,2900.0000000000005,45.352260705959,1.5638710588261722
774,19039.651783938225,25500.0,6460.348216061775,25.334698886516765
775,2427.868496914206,799.9999999999999,-1627.868496914206,203.4835621142758
776,21734.111933149212,19999.99999999998,-1734.11193314923,8.670559665746158
777,7060.791587284152,6499.999999999995,-560.7915872841568,8.627562881294725
778,4879.310346704394,2499.9999999999995,-2379.3103467043943,95.17241386817578
779,22741.476254101864,25999.999999999985,3258.523745898121,12.532783638069702
780,11865.232644517988,7750.000000000004,-4115.232644517984,53.09977605829654
781,5484.4082395954565,7500.000000000001,2015.5917604045444,26.874556805393922
782,11272.983089276237,13200.000000000002,1927.0169107237652,14.598612960028523
783,9055.1685782495,10900.000000000002,1844.8314217505012,16.92505891514221
784,8766.37656084857,11499.999999999996,2733.6234391514263,23.770638601316758
